jpg\image1.jpg,1
jpg\image10.jpg,1
jpg\image11.jpg,1
jpg\image12.jpg,1
jpg\image13.jpg,1
jpg\image14.jpg,1
jpg\image15.jpg,1
jpg\image16.jpg,1
jpg\image17.jpg,1
jpg\image18.jpg,1
jpg\image19.jpg,1
jpg\image2.jpg,1
jpg\image20.jpg,1
jpg\image21.jpg,1
jpg\image22.jpg,1
jpg\image23.jpg,1
jpg\image24.jpg,1
jpg\image25.jpg,1
jpg\image26.jpg,1
jpg\image27.jpg,1
jpg\image28.jpg,1
jpg\image29.jpg,1
jpg\image3.jpg,1
jpg\image30.jpg,1
jpg\image31.jpg,1
jpg\image32.jpg,1
jpg\image33.jpg,1
jpg\image34.jpg,1
jpg\image35.jpg,1
jpg\image36.jpg,1
jpg\image37.jpg,1
jpg\image38.jpg,1
jpg\image39.jpg,1
jpg\image4.jpg,1
jpg\image40.jpg,1
jpg\image41.jpg,1
jpg\image42.jpg,1
jpg\image5.jpg,1
jpg\image6.jpg,1
jpg\image7.jpg,1
jpg\image8.jpg,1
jpg\image9.jpg,1
